,season_end,player,age
0,1978,Tate Armstrong,22
1,1978,Greg Ballard,23
2,1978,Kent Benson,23
3,1978,Otis Birdsong,22
4,1978,Phil Bond,23
5,1978,Jim Bostic,25
6,1978,Alonzo Bradley,24
7,1978,Mike Bratz,22
8,1978,Wayman Britt,25
9,1978,Kenny Carr,22
10,1978,Bob Carrington,24
11,1978,Wesley Cox,23
12,1978,Charlie Criss,29
13,1978,Mark Crow,23
14,1978,Brad Davis,22
15,1978,Walter Davis,23
16,1978,Jacky Dorsey,23
17,1978,T.R. Dunn,22
18,1978,James Edwards,22
19,1978,Bo Ellis,23
20,1978,Al Fleming,23
21,1978,Bayard Forrest,23
22,1978,Mike Glenn,22
23,1978,Glen Gondrezick,22
24,1978,Rickey Green,23
25,1978,Greg Griffin,25
26,1978,Ernie Grunfeld,22
27,1978,Joe Hassett,22
28,1978,Eddie Lee Johnson,22
29,1978,Larry Johnson,23
30,1978,Marques Johnson,21
31,1978,Eddie Jordan,23
32,1978,Bernard King,21
33,1978,Toby Knight,22
34,1978,John Kuester,22
35,1978,Tom LaGarde,22
36,1978,Mark Landsberger,22
37,1978,Rich Laurel,23
38,1978,Ricky Marsh,23
39,1978,Cedric Maxwell,22
40,1978,Larry Moffett,23
41,1978,Glenn Mosley,22
42,1978,Norm Nixon,22
43,1978,Eddie Owens,24
44,1978,Ben Poquette,22
45,1978,Robert Reid,22
46,1978,Anthony Roberts,22
47,1978,Tony Robertson,22
48,1978,Tree Rollins,22
49,1978,Alvin Scott,22
50,1978,Steve Sheppard,23
51,1978,Jack Sikma,22
52,1978,Scott Sims,22
53,1978,Robert Smith,22
54,1978,Phil Walker,21
55,1978,Wilson Washington,22
56,1978,Ray Williams,23
57,1979,Kim Anderson,23
58,1979,Del Beshore,22
59,1979,Dennis Boyd,24
60,1979,Winford Boynes,21
61,1979,Ron Brewer,23
62,1979,Greg Bunch,22
63,1979,Marty Byrnes,22
64,1979,Ron Carter,22
65,1979,Maurice Cheeks,22
66,1979,Michael Cooper,22
67,1979,Wayne Cooper,22
68,1979,Dave Corzine,22
69,1979,Geoff Crompton,23
70,1979,Harry Davis,23
71,1979,Bob Elliott,23
72,1979,Ray Epps,22
73,1979,Phil Ford,22
74,1979,Jack Givens,22
75,1979,Tommie Green,22
76,1979,Lars Hansen,24
77,1979,James Hardy,22
78,1979,Keith Herron,22
79,1979,Kenny Higgs,24
80,1979,Essie Hollis,23
81,1979,Otis Howard,22
82,1979,Clemon Johnson,22
83,1979,George Johnson,22
84,1979,Jeff Judkins,22
85,1979,Joel Kramer,23
86,1979,Butch Lee,22
87,1979,John Long,22
88,1979,Billy McKinney,23
89,1979,Mike Mitchell,23
90,1979,John Olive,23
91,1979,Roger Phegley,22
92,1979,Stan Pietkiewicz,22
93,1979,Wayne Radford,22
94,1979,Marlon Redmond,23
95,1979,Micheal Ray Richardson,23
96,1979,Rick Robey,23
97,1979,Jackie Robinson,23
98,1979,John Rudd,23
99,1979,Frankie Sanders,22
100,1979,Purvis Short,21
101,1979,Sam Smith,24
102,1979,Reggie Theus,21
103,1979,Mychal Thompson,24
104,1979,Raymond Townsend,23
105,1979,Terry Tyler,22
106,1979,Andre Wakefield,24
107,1979,Jerome Whitehead,22
108,1979,Freeman Williams,22
109,1979,Rick Wilson,22
110,1980,James Bailey,22
111,1980,Billy Ray Bates,23
112,1980,Larry Bird,23
113,1980,Lawrence Boston,23
114,1980,Dudley Bradley,22
115,1980,Bill Cartwright,22
116,1980,Jeff Cook,23
117,1980,Hollis Copeland,24
118,1980,John Coughran,28
119,1980,Terry Crosby,23
120,1980,Pat Cummings,23
121,1980,Paul Dawkins,22
122,1980,Greg Deane,22
123,1980,Larry Demic,22
124,1980,Terry Duerod,23
125,1980,Earl Evans,24
126,1980,Mike Evans,24
127,1980,Gary Garland,22
128,1980,Dave Greenwood,22
129,1980,Roy Hamilton,22
130,1980,Gerald Henderson,24
131,1980,Johnny High,22
132,1980,Brad Holland,23
133,1980,Phil Hubbard,23
134,1980,Geoff Huston,22
135,1980,Abdul Jeelani,25
136,1980,Cheese Johnson,22
137,1980,Magic Johnson,20
138,1980,Vinnie Johnson,23
139,1980,Major Jones,26
140,1980,Greg Kelser,22
141,1980,Irv Kiffin,28
142,1980,Carl Kilpatrick,23
143,1980,Reggie King,22
144,1980,Arvid Kramer,23
145,1980,Allen Leavell,22
146,1980,Ollie Mack,22
147,1980,Steve Malovic,23
148,1980,Paul Mokeski,23
149,1980,Sidney Moncrief,22
150,1980,Calvin Natt,23
151,1980,Sylvester Norris,22
152,1980,Jim Paxson,22
153,1980,Wiley Peck,22
154,1980,Sam Pellom,28
155,1980,Clint Richardson,23
156,1980,Cliff Robinson,19
157,1980,Jim Spanarkel,22
158,1980,Bernard Toone,23
159,1980,Duck Williams,23
160,1980,Sly Williams,22
161,1980,Bubba Wilson,24
162,1980,Tony Zeno,22
163,1981,Darrell Allums,22
164,1981,Norman Black,23
165,1981,Dave Britton,22
166,1981,Michael Brooks,22
167,1981,Lewis Brown,25
168,1981,Rickey Brown,22
169,1981,Joe Barry Carroll,22
170,1981,Butch Carter,22
171,1981,Reggie Carter,23
172,1981,Art Collins,26
173,1981,Don Collins,22
174,1981,Darwin Cook,22
175,1981,Earl Cureton,23
176,1981,Monti Davis,22
177,1981,James Donaldson,23
178,1981,Larry Drew,22
179,1981,Ralph Drollinger,26
180,1981,John Duren,22
181,1981,Tony Fuller,22
182,1981,Calvin Garrett,24
183,1981,Mike Gminski,21
184,1981,Darrell Griffith,22
185,1981,Bill Hanzlik,23
186,1981,Alan Hardy,23
187,1981,Mike Harper,23
188,1981,Cedrick Hordges,24
189,1981,Tony Jackson,23
190,1981,Lee Johnson,23
191,1981,Reggie Johnson,23
192,1981,Edgar Jones,24
193,1981,Walter Jordan,24
194,1981,Clarence Kea,21
195,1981,Chad Kinch,22
196,1981,Wayne Kreklow,24
197,1981,Bill Laimbeer,23
198,1981,Edmund Lawrence,28
199,1981,Ronnie Lester,22
200,1981,Kyle Macy,23
201,1981,Rick Mahorn,22
202,1981,Wes Matthews,21
203,1981,Bill Mayfield,23
204,1981,Keith McCord,23
205,1981,Kevin McHale,23
206,1981,Dick Miller,22
207,1981,Johnny Moore,22
208,1981,Lowes Moore,23
209,1981,Kenny Natt,22
210,1981,Carl Nicks,22
211,1981,Mike Niles,25
212,1981,Mike O'Koren,22
213,1981,Jawann Oldham,23
214,1981,Louis Orr,22
215,1981,Myles Patrick,26
216,1981,Tony Price,24
217,1981,Wally Rank,22
218,1981,Kelvin Ransey,22
219,1981,James Ray,23
220,1981,Billy Reid,23
221,1981,Wayne Robinson,22
222,1981,Lorenzo Romar,22
223,1981,DeWayne Scales,22
224,1981,Craig Shelton,23
225,1981,Jerry Sichting,24
226,1981,Larry Smith,23
227,1981,Rory Sparrow,22
228,1981,John Stroud,23
229,1981,Carlos Terry,24
230,1981,Andrew Toney,23
231,1981,Ronnie Valentine,23
232,1981,Kiki Vandeweghe,22
233,1981,Brett Vroman,25
234,1981,Hawkeye Whitney,23
235,1981,Michael Wiley,23
236,1981,James Wilkes,22
237,1981,Jeff Wilkins,25
238,1981,Mike Woodson,22
239,1981,Sam Worthen,23
240,1982,Mark Aguirre,22
241,1982,Danny Ainge,22
242,1982,Carl Bailey,23
243,1982,Gene Banks,22
244,1982,Rolando Blackman,22
245,1982,Ray Blume,23
246,1982,Alex Bradley,22
247,1982,Charles Bradley,22
248,1982,Brad Branson,23
249,1982,Jim Brogan,23
250,1982,Roger Burkman,23
251,1982,David Burns,23
252,1982,Bobby Cattage,23
253,1982,Tom Chambers,22
254,1982,Joe Cooper,24
255,1982,Charles Davis,23
256,1982,Kenny Dennard,23
257,1982,Mickey Dillard,23
258,1982,John Douglas,25
259,1982,Craig Dykema,22
260,1982,Franklin Edwards,22
261,1982,Petur Gudmundsson,23
262,1982,Glenn Hagan,26
263,1982,Steve Hayes,26
264,1982,Tracy Jackson,22
265,1982,Clay Johnson,25
266,1982,Eddie Arnet Johnson,22
267,1982,Frank Johnson,23
268,1982,Steve Johnson,24
269,1982,Albert King,22
270,1982,Jeff Lamp,22
271,1982,Rock Lee,26
272,1982,Alton Lister,23
273,1982,Lewis Lloyd,22
274,1982,Kevin Loder,22
275,1982,Rudy Macklin,23
276,1982,John McCullough,25
277,1982,Hank McDowell,22
278,1982,Mike McGee,22
279,1982,Kevin McKenna,23
280,1982,Larry Nance,22
281,1982,Kurt Nimphius,23
282,1982,Mark Radford,22
283,1982,Ed Rains,25
284,1982,Kurt Rambis,23
285,1982,Jeff Ruland,23
286,1982,Danny Schayes,22
287,1982,Jim Smith,23
288,1982,Larry Spriggs,22
289,1982,Isiah Thomas,20
290,1982,Ray Tolbert,23
291,1982,Kelly Tripucka,22
292,1982,Elston Turner,22
293,1982,Darnell Valentine,22
294,1982,Pete Verhoeven,22
295,1982,Jay Vincent,22
296,1982,Danny Vranes,23
297,1982,Buck Williams,21
298,1982,Herb Williams,23
299,1982,Sam Williams,22
300,1982,Garry Witts,22
301,1982,Al Wood,23
302,1982,Howard Wood,22
303,1982,Orlando Woolridge,22
304,1982,Rich Yonakor,23
305,1983,Dwight Anderson,22
306,1983,J.J. Anderson,22
307,1983,Richard Anderson,22
308,1983,John Bagley,22
309,1983,Dave Batton,26
310,1983,Lester Conner,23
311,1983,Chubby Cox,27
312,1983,Terry Cummings,21
313,1983,Quintin Dailey,22
314,1983,Mike Davis,26
315,1983,Mark Eaton,26
316,1983,Jerry Eaves,23
317,1983,Keith Edmonson,22
318,1983,Chris Engler,23
319,1983,Bruce Flowers,25
320,1983,Sleepy Floyd,22
321,1983,Bill Garnett,22
322,1983,John Greig,21
323,1983,Scott Hastings,22
324,1983,Rod Higgins,23
325,1983,Craig Hodges,22
326,1983,Marc Iavaroni,26
327,1983,Jim Johnstone,22
328,1983,Hutch Jones,23
329,1983,Clark Kellogg,21
330,1983,Joe Kopicki,22
331,1983,Fat Lever,22
332,1983,Cliff Levingston,22
333,1983,Steve Lingenfelter,24
334,1983,Dave Magley,23
335,1983,Mark McNamara,23
336,1983,Guy Morgan,22
337,1983,Ed Nealy,22
338,1983,Chuck Nevitt,23
339,1983,Audie Norris,22
340,1983,Eddie Phillips,21
341,1983,Ricky Pierce,23
342,1983,Charles Pittman,24
343,1983,Paul Pressey,24
344,1983,Oliver Robinson,22
345,1983,Walker Russell,22
346,1983,Mike Sanders,22
347,1983,Russ Schoene,22
348,1983,Ed Sherod,23
349,1983,Jose Slaughter,22
350,1983,Derek Smith,21
351,1983,Brook Steppe,23
352,1983,Jeff Taylor,23
353,1983,Vince Taylor,22
354,1983,Terry Teagle,22
355,1983,David Thirdkill,22
356,1983,Corny Thompson,22
357,1983,LaSalle Thompson,21
358,1983,Darren Tillis,22
359,1983,Linton Townes,23
360,1983,Trent Tucker,23
361,1983,Bryan Warrick,23
362,1983,Rory White,23
363,1983,Dominique Wilkins,23
364,1983,Rickey Williams,25
365,1983,Rob Williams,21
366,1983,James Worthy,21
367,1983,Jim Zoet,29
368,1984,Ken Austin,22
369,1984,Thurl Bailey,22
370,1984,Randy Breuer,23
371,1984,Wallace Bryant,24
372,1984,Howard Carter,22
373,1984,Carlos Clark,23
374,1984,Leroy Combs,23
375,1984,Russell Cross,22
376,1984,Darren Daye,23
377,1984,Clyde Drexler,21
378,1984,Craig Ehlo,22
379,1984,Dale Ellis,23
380,1984,Rod Foster,23
381,1984,John Garris,24
382,1984,Mike Gibson,23
383,1984,Stewart Granger,22
384,1984,Sidney Green,23
385,1984,Bob Hansen,23
386,1984,Derek Harper,22
387,1984,Roy Hinson,22
388,1984,Charles Jones,26
389,1984,Mark Jones,22
390,1984,Greg Kite,22
391,1984,Bruce Kuczenski,22
392,1984,Darrell Lockhart,23
393,1984,Sidney Lowe,24
394,1984,Jeff Malone,22
395,1984,Pace Mannion,23
396,1984,Rodney McCray,22
397,1984,Scooter McCray,23
398,1984,Larry Micheaux,23
399,1984,Bob Miller,27
400,1984,John Paxson,23
401,1984,John Pinone,22
402,1984,Tom Piotrowski,23
403,1984,Leo Rautins,23
404,1984,Doc Rivers,22
405,1984,Fred Roberts,23
406,1984,Ralph Sampson,23
407,1984,Byron Scott,22
408,1984,Steve Stipanovich,23
409,1984,Jon Sundvold,22
410,1984,Dane Suttle,22
411,1984,Jim Thomas,23
412,1984,Paul Thompson,22
413,1984,Sedale Threatt,22
414,1984,Granville Waiters,23
415,1984,Darrell Walker,22
416,1984,Brant Weidner,23
417,1984,Mark West,23
418,1984,Ennis Whatley,21
419,1984,Mitchell Wiggins,24
420,1984,Kevin Williams,22
421,1984,Michael Wilson,24
422,1984,Randy Wittman,24
423,1985,Chuck Aleksinas,25
424,1985,Ron Anderson,26
425,1985,Ken Bannister,24
426,1985,Charles Barkley,21
427,1985,Cory Blackwell,21
428,1985,Sam Bowie,23
429,1985,Frank Brickowski,25
430,1985,Tony Brown,24
431,1985,Steve Burtt,22
432,1985,Michael Cage,23
433,1985,Tony Campbell,22
434,1985,Rick Carlisle,25
435,1985,Antoine Carr,23
436,1985,Ron Cavenall,25
437,1985,Steve Colter,22
438,1985,Devin Durrant,24
439,1985,Kenton Edelin,22
440,1985,Kenny Fields,22
441,1985,Vern Fleming,22
442,1985,Lancaster Gordon,22
443,1985,Butch Graves,23
444,1985,Stuart Gray,21
445,1985,Mike Holton,23
446,1985,Jay Humphries,22
447,1985,Ralph Jackson,22
448,1985,Charles Jones,23
449,1985,Earl Jones,24
450,1985,Ozell Jones,24
451,1985,Michael Jordan,21
452,1985,Jerome Kersey,22
453,1985,Tim McCormick,22
454,1985,Jay Murphy,22
455,1985,Hakeem Olajuwon,22
456,1985,Sam Perkins,23
457,1985,Jim Petersen,22
458,1985,Gary Plummer,22
459,1985,David Pope,22
460,1985,Alvin Robertson,22
461,1985,Wayne Sappleton,24
462,1985,Tom Scheffler,30
463,1985,John Schweitz,24
464,1985,Tom Sewell,22
465,1985,Charlie Sitton,22
466,1985,Tom Sluby,22
467,1985,Terence Stansbury,23
468,1985,John Stockton,22
469,1985,Peter Thibeaux,23
470,1985,Bernard Thompson,22
471,1985,Otis Thorpe,22
472,1985,Jeff Turner,22
473,1985,Melvin Turpin,24
474,1985,Willie White,22
475,1985,Eddie Lee Wilkins,22
476,1985,Dale Wilkinson,24
477,1985,Guy Williams,24
478,1985,Kevin Willis,22
479,1985,Othell Wilson,23
480,1985,Leon Wood,22
481,1985,Danny Young,22
482,1985,Michael Young,24
483,1986,Michael Adams,23
484,1986,John Battle,23
485,1986,Benoit Benjamin,21
486,1986,Uwe Blab,23
487,1986,Manute Bol,23
488,1986,Mike Brittain,22
489,1986,Terry Catledge,22
490,1986,Lorenzo Charles,22
491,1986,Fred Cofield,24
492,1986,David Cooke,22
493,1986,Tyrone Corbin,23
494,1986,Ron Crevier,27
495,1986,Jeff Cross,24
496,1986,Joe Dumars,22
497,1986,Patrick Ewing,23
498,1986,Georgi Glouchkov,26
499,1986,A.C. Green,22
500,1986,Ken Green,26
501,1986,Kenny Green,21
502,1986,Claude Gregory,27
503,1986,Steve Harris,22
504,1986,Jerome Henderson,26
505,1986,Carl Henry,25
506,1986,Alfredrick Hughes,23
507,1986,Ken Johnson,23
508,1986,Yvon Joseph,28
509,1986,Harold Keeling,22
510,1986,Joe Kleine,24
511,1986,Jon Koncak,22
512,1986,Keith Lee,23
513,1986,Karl Malone,22
514,1986,Bill Martin,23
515,1986,Brian Martin,23
516,1986,Dwayne McClain,22
517,1986,Xavier McDaniel,22
518,1986,Ben McDonald,23
519,1986,Chris McNealy,24
520,1986,Dirk Minniefield,25
521,1986,Perry Moss,27
522,1986,Chris Mullin,22
523,1986,Charles Oakley,22
524,1986,Michael Phelps,24
525,1986,Ed Pinckney,22
526,1986,Terry Porter,22
527,1986,Blair Rasmussen,23
528,1986,Jerry Reynolds,23
529,1986,Derrick Rowland,26
530,1986,Detlef Schrempf,23
531,1986,Carey Scurry,23
532,1986,Mike Smrek,23
533,1986,Alex Stivrins,23
534,1986,Greg Stokes,22
535,1986,Bob Thornton,23
536,1986,Wayman Tisdale,21
537,1986,Sedric Toney,23
538,1986,Nick Vanos,22
539,1986,Sam Vincent,22
540,1986,Spud Webb,22
541,1986,Bill Wennington,22
542,1986,Gerald Wilkins,22
543,1986,Pete Williams,20
544,1986,Voise Winters,23
545,1987,Rafael Addison,22
546,1987,Mark Alarie,23
547,1987,William Bedford,23
548,1987,Walter Berry,22
549,1987,Joe Binion,25
550,1987,Adrian Branch,23
551,1987,Mike Brown,23
552,1987,Ben Coleman,25
553,1987,Dell Curry,22
554,1987,Brad Daugherty,21
555,1987,Johnny Dawkins,23
556,1987,Bruce Douglas,22
557,1987,Greg Dreiling,24
558,1987,Kevin Duckworth,22
559,1987,Dave Feitl,24
560,1987,Kenny Gattison,22
561,1987,Grant Gondrezick,24
562,1987,Ron Harper,23
563,1987,Cedric Henderson,21
564,1987,Kevin Henderson,22
565,1987,Conner Henry,23
566,1987,Jeff Hornacek,23
567,1987,Myron Jackson,22
568,1987,Buck Johnson,23
569,1987,Steffond Johnson,24
570,1987,Anthony Jones,24
571,1987,Tim Kempton,23
572,1987,Curtis Kitchen,23
573,1987,Larry Krystkowiak,22
574,1987,Jim Lampley,26
575,1987,Fernando Martin,24
576,1987,Maurice Martin,22
577,1987,Forrest McKenzie,23
578,1987,Nate McMillan,22
579,1987,Cozell McQueen,25
580,1987,Pete Myers,23
581,1987,Johnny Newman,23
582,1987,Dennis Nutt,23
583,1987,Chuck Person,22
584,1987,Dwayne Polee,23
585,1987,Harold Pressley,23
586,1987,Mark Price,22
587,1987,Dennis Rodman,25
588,1987,Johnny Rogers,23
589,1987,Ron Rowan,24
590,1987,John Salley,22
591,1987,Brad Sellers,24
592,1987,McKinley Singleton,25
593,1987,Scott Skiles,22
594,1987,Clinton Smith,23
595,1987,Keith Smith,22
596,1987,Otis Smith,23
597,1987,Roy Tarpley,22
598,1987,Billy Thompson,23
599,1987,Andre Turner,22
600,1987,Kenny Walker,22
601,1987,Chris Washburn,21
602,1987,Pearl Washington,23
603,1987,Hot Rod Williams,24
604,1987,John Williams,20
605,1987,David Wingate,23
606,1987,Brad Wright,24
607,1987,Perry Young,23
608,1988,Mark Acres,25
609,1988,Steve Alford,23
610,1988,Greg Anderson,23
611,1988,Joe Arlauckas,22
612,1988,Vincent Askew,21
613,1988,Nate Blackwell,22
614,1988,Muggsy Bogues,23
615,1988,Norris Coleman,26
616,1988,Dallas Comegys,23
617,1988,Winston Crite,22
618,1988,Billy Donovan,22
619,1988,Chris Dudley,22
620,1988,Jim Farmer,23
621,1988,Tellis Frank,22
622,1988,Kevin Gamble,22
623,1988,Winston Garland,23
624,1988,Armen Gilliam,23
625,1988,Horace Grant,22
626,1988,Dave Henderson,23
627,1988,Dave Hoppen,23
628,1988,Dennis Hopson,22
629,1988,Eddie Hughes,27
630,1988,Mark Jackson,22
631,1988,Michael Jackson,23
632,1988,Kannard Johnson,22
633,1988,Kevin Johnson,21
634,1988,Bart Kofoed,23
635,1988,Ralph Lewis,24
636,1988,Reggie Lewis,22
637,1988,Brad Lohaus,23
638,1988,Derrick McKey,21
639,1988,Reggie Miller,22
640,1988,Andre Moore,23
641,1988,Ron Moore,26
642,1988,Ronnie Murphy,23
643,1988,Tod Murphy,24
644,1988,Martin Nessley,22
645,1988,Ken Norman,23
646,1988,Scottie Pippen,22
647,1988,Olden Polynice,23
648,1988,Richard Rellford,23
649,1988,Scott Roth,24
650,1988,Brian Rowsom,22
651,1988,Kenny Smith,22
652,1988,John Stroeder,29
653,1988,Mark Wade,22
654,1988,Milt Wagner,24
655,1988,Jamie Waller,23
656,1988,Duane Washington,23
657,1988,Chris Welp,24
658,1988,Clinton Wheeler,28
659,1988,Eric White,22
660,1988,Tony White,22
661,1988,Reggie Williams,23
662,1988,Nikita Wilson,23
663,1988,Ricky Wilson,23
664,1988,Rickie Winslow,23
665,1988,Joe Wolf,23
666,1988,Phil Zevenbergen,23
667,1989,Randy Allen,24
668,1989,Michael Anderson,22
669,1989,Willie Anderson,22
670,1989,Ricky Berry,24
671,1989,Anthony Bowie,25
672,1989,Scott Brooks,23
673,1989,Mark Bryant,23
674,1989,Greg Butler,22
675,1989,Mike Champion,24
676,1989,Rex Chapman,21
677,1989,Derrick Chievous,21
678,1989,Mark Davis,25
679,1989,Vinny Del Negro,22
680,1989,Fennis Dembo,23
681,1989,Ledell Eackles,22
682,1989,Kevin Edwards,23
683,1989,Wayne Englestad,22
684,1989,Rolando Ferreira,24
685,1989,Duane Ferrell,23
686,1989,Anthony Frederick,24
687,1989,Corey Gaines,23
688,1989,Tom Garrick,22
689,1989,Ben Gillery,23
690,1989,Orlando Graham,23
691,1989,Ron Grandison,24
692,1989,Gary Grant,23
693,1989,Harvey Grant,23
694,1989,Sylvester Gray,21
695,1989,Jeff Grayer,23
696,1989,Jack Haley,25
697,1989,Hersey Hawkins,22
698,1989,Tito Horford,23
699,1989,Avery Johnson,23
700,1989,Bill Jones,22
701,1989,Shelton Jones,22
702,1989,Steve Kerr,23
703,1989,Randolph Keys,22
704,1989,Jerome Lane,22
705,1989,Andrew Lang,22
706,1989,Eric Leckner,22
707,1989,Jim Les,25
708,1989,Rob Lock,22
709,1989,Grant Long,22
710,1989,Dan Majerle,23
711,1989,Danny Manning,22
712,1989,Vernon Maxwell,23
713,1989,Todd Mitchell,22
714,1989,Chris Morris,23
715,1989,Richard Morton,22
716,1989,Craig Neal,24
717,1989,Jose Ortiz,25
718,1989,Will Perdue,23
719,1989,Tim Perry,23
720,1989,Dave Popson,24
721,1989,Dominic Pressley,24
722,1989,Mitch Richmond,23
723,1989,Ramon Rivas,22
724,1989,David Rivers,24
725,1989,Rob Rose,24
726,1989,Jim Rowinski,28
727,1989,Rony Seikaly,23
728,1989,Charles Shackleford,22
729,1989,John Shasky,24
730,1989,Brian Shaw,22
731,1989,Keith Smart,24
732,1989,Charles Smith,23
733,1989,Rik Smits,22
734,1989,John Starks,23
735,1989,Everette Stephens,22
736,1989,Rod Strickland,22
737,1989,Barry Sumpter,23
738,1989,Anthony Taylor,23
739,1989,Tom Tolbert,23
740,1989,Kelvin Upshaw,26
741,1989,Morlon Wiley,22
742,1989,Micheal Williams,22
743,1989,David Wood,24
744,1990,Nick Anderson,22
745,1990,Michael Ansley,22
746,1990,B.J. Armstrong,22
747,1990,Dana Barros,22
748,1990,Kenny Battle,25
749,1990,Winston Bennett,24
750,1990,Mookie Blaylock,22
751,1990,Chucky Brown,21
752,1990,Raymond Brown,24
753,1990,Stanley Brundy,22
754,1990,Torgeir Bryn,25
755,1990,Steve Bucknall,23
756,1990,Adrian Caldwell,23
757,1990,Lanard Copeland,24
758,1990,Terry Davis,22
759,1990,Byron Dinkins,22
760,1990,Vlade Divac,21
761,1990,Sherman Douglas,23
762,1990,Terry Dozier,23
763,1990,Blue Edwards,24
764,1990,Jay Edwards,21
765,1990,Sean Elliott,21
766,1990,Pervis Ellison,22
767,1990,Derrick Gervin,26
768,1990,Greg Grant,23
769,1990,Scott Haffner,23
770,1990,Tom Hammonds,22
771,1990,Tim Hardaway,23
772,1990,Mike Higgins,22
773,1990,Ed Horton,22
774,1990,Byron Irvin,23
775,1990,Jaren Jackson,22
776,1990,Eric Johnson,23
777,1990,Nate Johnston,23
778,1990,Shawn Kemp,20
779,1990,Stan Kimbrough,23
780,1990,Stacey King,23
781,1990,Frank Kornet,23
782,1990,Jeff Lebo,23
783,1990,Tim Legler,23
784,1990,Gary Leonard,22
785,1990,Clifford Lett,24
786,1990,Todd Lichti,23
787,1990,Roy Marble,23
788,1990,Sarunas Marciulionis,25
789,1990,Jeff Martin,23
790,1990,Anthony Mason,23
791,1990,Bob McCann,25
792,1990,Mel McCants,22
793,1990,George McCloud,22
794,1990,Carlton McKinney,25
795,1990,Scott Meents,26
796,1990,Sam Mitchell,26
797,1990,Mike Morrison,22
798,1990,John Morton,22
799,1990,Dyron Nix,22
800,1990,Zarko Paspalj,23
801,1990,Kenny Payne,23
802,1990,Drazen Petrovic,25
803,1990,Brian Quinnett,23
804,1990,J.R. Reid,21
805,1990,Glen Rice,22
806,1990,Pooh Richardson,23
807,1990,Clifford Robinson,23
808,1990,David Robinson,24
809,1990,Doug Roth,22
810,1990,Donald Royal,23
811,1990,Delaney Rudd,27
812,1990,Jeff Sanders,24
813,1990,Dexter Shouse,26
814,1990,Charles Smith,22
815,1990,Michael Smith,24
816,1990,Jay Taylor,22
817,1990,Leonard Taylor,23
818,1990,Henry Turner,23
819,1990,Gary Voce,24
820,1990,Alexander Volkov,25
821,1990,Doug West,22
822,1990,Randy White,22
823,1990,Mike Williams,26
824,1990,Haywoode Workman,24
825,1991,Alaa Abdelnaby,22
826,1991,Mahmoud Abdul-Rauf,21
827,1991,Keith Askins,23
828,1991,Milos Babic,22
829,1991,Cedric Ball,22
830,1991,Lance Blanks,24
831,1991,Anthony Bonner,22
832,1991,Dee Brown,22
833,1991,Jud Buechler,22
834,1991,Matt Bullard,23
835,1991,Willie Burton,22
836,1991,Rick Calloway,24
837,1991,Elden Campbell,22
838,1991,Duane Causwell,22
839,1991,Cedric Ceballos,21
840,1991,Richard Coffey,25
841,1991,Derrick Coleman,23
842,1991,Bimbo Coles,22
843,1991,Anthony Cook,23
844,1991,Tony Dawson,23
845,1991,Mario Elie,27
846,1991,A.J. English,23
847,1991,Danny Ferry,24
848,1991,Greg Foster,22
849,1991,Tate George,22
850,1991,Kendall Gill,22
851,1991,Gerald Glass,23
852,1991,Dan Godfread,23
853,1991,Jim Grandholm,30
854,1991,Tony Harris,23
855,1991,Steve Henson,22
856,1991,Sean Higgins,22
857,1991,Tyrone Hill,22
858,1991,Dave Jamerson,23
859,1991,Henry James,25
860,1991,Les Jepsen,23
861,1991,Alec Kessler,24
862,1991,Bo Kimble,24
863,1991,Negele Knight,23
864,1991,Kurk Lee,23
865,1991,Marcus Liberty,22
866,1991,Ian Lockhart,23
867,1991,Tony Massenburg,23
868,1991,Travis Mays,22
869,1991,Terry Mills,23
870,1991,Chris Munk,23
871,1991,Jerrod Mustaf,21
872,1991,Dan O'Sullivan,22
873,1991,Alan Ogg,23
874,1991,Brian Oliver,22
875,1991,Gerald Paddio,25
876,1991,Walter Palmer,22
877,1991,Gary Payton,22
878,1991,Kevin Pritchard,23
879,1991,Larry Robinson,23
880,1991,Rumeal Robinson,24
881,1991,Steve Scheffler,23
882,1991,Dwayne Schintzius,22
883,1991,Dennis Scott,22
884,1991,Lionel Simmons,22
885,1991,Tony Smith,22
886,1991,Felton Spencer,23
887,1991,Irving Thomas,25
888,1991,Andy Toolson,25
889,1991,Loy Vaught,22
890,1991,Stojko Vrankovic,27
891,1991,Jayson Williams,22
892,1991,Kenny Williams,21
893,1991,Scott Williams,22
894,1991,Trevor Wilson,22
895,1991,Kennard Winchester,24
896,1991,Howard Wright,23
897,1991,A.J. Wynder,26
898,1992,Victor Alexander,22
899,1992,Kenny Anderson,21
900,1992,Greg Anthony,24
901,1992,Stacey Augmon,23
902,1992,Isaac Austin,22
903,1992,Steve Bardo,23
904,1992,David Benoit,23
905,1992,Terrell Brandon,21
906,1992,Kevin Brooks,22
907,1992,Myron Brown,22
908,1992,Randy Brown,23
909,1992,Demetrius Calip,22
910,1992,Pete Chilcutt,23
911,1992,Marty Conlon,24
912,1992,Tom Copa,27
913,1992,Chris Corchiani,23
914,1992,Corey Crowder,22
915,1992,Dale Davis,22
916,1992,Bison Dele,22
917,1992,Patrick Eddie,24
918,1992,LeRon Ellis,22
919,1992,Rick Fox,22
920,1992,Chris Gatling,24
921,1992,Paul Graham,24
922,1992,Sean Green,21
923,1992,Carl Herrera,25
924,1992,Donald Hodge,22
925,1992,Brian Howard,24
926,1992,Cedric Hunter,27
927,1992,Mike Iuzzolino,24
928,1992,Larry Demetric Johnson,22
929,1992,Rich King,22
930,1992,Doug Lee,27
931,1992,Luc Longley,23
932,1992,Kevin Lynch,23
933,1992,Mark Macon,22
934,1992,Tharon Mayes,23
935,1992,Rodney Monroe,23
936,1992,Tracy Moore,26
937,1992,Eric Murdock,23
938,1992,Dikembe Mutombo,25
939,1992,Jimmy Oliver,22
940,1992,Billy Owens,22
941,1992,Keith Owens,22
942,1992,Robert Pack,22
943,1992,Elliot Perry,22
944,1992,Bobby Phills,22
945,1992,Mark Randall,24
946,1992,Stanley Roberts,21
947,1992,Doug Smith,22
948,1992,LaBradford Smith,22
949,1992,Steve Smith,22
950,1992,Larry Stewart,23
951,1992,Derek Strong,23
952,1992,Lamont Strothers,23
953,1992,Greg Sutton,24
954,1992,Carl Thomas,22
955,1992,Charles Thomas,22
956,1992,Stephen Thompson,23
957,1992,John Turner,24
958,1992,Joao Vianna,25
959,1993,Eric Anderson,22
960,1993,Anthony Avent,23
961,1993,Jon Barry,23
962,1993,Tony Bennett,23
963,1993,Alex Blackwell,22
964,1993,Ricky Blanton,26
965,1993,Walter Bond,23
966,1993,Dexter Cambridge,23
967,1993,Doug Christie,22
968,1993,Duane Cooper,23
969,1993,Joe Courtney,23
970,1993,John Crotty,23
971,1993,Radisav Curcic,27
972,1993,Lloyd Daniels,25
973,1993,Hubert Davis,22
974,1993,Todd Day,23
975,1993,Richard Dumas,23
976,1993,Pat Durham,25
977,1993,LaPhonso Ellis,22
978,1993,Jo Jo English,22
979,1993,Matt Geiger,23
980,1993,Litterial Green,22
981,1993,Tom Gugliotta,23
982,1993,Jay Guidinger,23
983,1993,Robert Horry,22
984,1993,Byron Houston,23
985,1993,Stephen Howard,22
986,1993,Jim Jackson,22
987,1993,Keith Jennings,24
988,1993,Dave Johnson,22
989,1993,Thomas Jordan,24
990,1993,Adam Keefe,22
991,1993,Christian Laettner,23
992,1993,Sam Mack,22
993,1993,Don MacLean,23
994,1993,Marlon Maxey,23
995,1993,Lee Mayberry,22
996,1993,Oliver Miller,22
997,1993,Harold Miner,21
998,1993,Isaiah Morris,23
999,1993,Alonzo Mourning,22
1000,1993,Tracy Murray,21
1001,1993,Melvin Newbern,25
1002,1993,Shaquille O'Neal,20
1003,1993,Matt Othick,23
1004,1993,Doug Overton,23
1005,1993,Anthony Peeler,23
1006,1993,Brent Price,24
1007,1993,Anthony Pullard,26
1008,1993,Sean Rooks,23
1009,1993,Malik Sealy,22
1010,1993,Chris Smith,22
1011,1993,Reggie Smith,22
1012,1993,Andre Spencer,28
1013,1993,Elmore Spencer,23
1014,1993,Latrell Sprewell,22
1015,1993,Barry Stevens,30
1016,1993,Bryant Stith,22
1017,1993,Gundars Vetra,25
1018,1993,Clarence Weatherspoon,22
1019,1993,Marcus Webb,22
1020,1993,Robert Werdann,22
1021,1993,Corey Williams,22
1022,1993,Lorenzo Williams,23
1023,1993,Walt Williams,22
1024,1993,Randy Woods,22
1025,1994,Gary Alexander,24
1026,1994,Vin Baker,22
1027,1994,Corie Blount,25
1028,1994,Shawn Bradley,21
1029,1994,P.J. Brown,24
1030,1994,Evers Burns,22
1031,1994,Scott Burrell,23
1032,1994,Mitchell Butler,23
1033,1994,Sam Cassell,24
1034,1994,Calbert Cheaney,22
1035,1994,Michael Curry,25
1036,1994,Antonio Davis,25
1037,1994,Brian Davis,23
1038,1994,Terry Dehere,22
1039,1994,Dell Demps,23
1040,1994,Acie Earl,23
1041,1994,Bill Edwards,22
1042,1994,Doug Edwards,23
1043,1994,Harold Ellis,23
1044,1994,Alphonso Ford,22
1045,1994,Chad Gallagher,24
1046,1994,Andrew Gaze,28
1047,1994,Ricky Grace,26
1048,1994,Greg Graham,23
1049,1994,Josh Grant,26
1050,1994,Andres Guibert,25
1051,1994,Geert Hammink,24
1052,1994,Anfernee Hardaway,22
1053,1994,Lucious Harris,23
1054,1994,Antonio Harvey,23
1055,1994,Scott Haskin,23
1056,1994,Skeeter Henry,26
1057,1994,Allan Houston,22
1058,1994,Lindsey Hunter,23
1059,1994,Bobby Hurley,22
1060,1994,Stanley Jackson,23
1061,1994,Chris Jent,24
1062,1994,Ervin Johnson,26
1063,1994,Popeye Jones,23
1064,1994,Adonis Jordan,23
1065,1994,Reggie Jordan,26
1066,1994,Warren Kidd,23
1067,1994,Chris King,24
1068,1994,Toni Kukoc,25
1069,1994,George Lynch,23
1070,1994,Malcolm Mackey,23
1071,1994,Gerald Madkins,24
1072,1994,Bob Martin,24
1073,1994,Jamal Mashburn,21
1074,1994,Darnell Mee,22
1075,1994,Chris Mills,24
1076,1994,Darren Morningstar,24
1077,1994,Gheorghe Muresan,22
1078,1994,Bo Outlaw,22
1079,1994,Mike Peplowski,23
1080,1994,Richard Petruska,25
1081,1994,Dino Radja,26
1082,1994,Isaiah Rider,22
1083,1994,Eric Riley,23
1084,1994,James Robinson,23
1085,1994,Rodney Rogers,22
1086,1994,Bryon Russell,23
1087,1994,Kevin Thompson,22
1088,1994,Keith Tower,23
1089,1994,Nick Van Exel,22
1090,1994,Rex Walters,23
1091,1994,Chris Webber,20
1092,1994,Matt Wenstrom,23
1093,1994,David Wesley,23
1094,1994,Chris Whitney,22
1095,1994,Aaron Williams,22
1096,1994,Luther Wright,22
1097,1995,Derrick Alston,22
1098,1995,Darrell Armstrong,26
1099,1995,Sergei Bazarevich,29
1100,1995,Elmer Bennett,24
1101,1995,James Blackwell,26
1102,1995,Tim Breaux,24
1103,1995,Chris Childs,27
1104,1995,Bill Curley,22
1105,1995,Yinka Dare,22
1106,1995,Tony Dumas,22
1107,1995,Howard Eisley,22
1108,1995,Matt Fish,25
1109,1995,Brian Grant,22
1110,1995,Darrin Hancock,23
1111,1995,Jerome Harmon,25
1112,1995,Grant Hill,22
1113,1995,Tom Hovasse,28
1114,1995,Juwan Howard,21
1115,1995,Askia Jones,23
1116,1995,Eddie Jones,23
1117,1995,Jason Kidd,21
1118,1995,Antonio Lang,22
1119,1995,Ryan Lorthridge,22
1120,1995,Donyell Marshall,21
1121,1995,Darrick Martin,23
1122,1995,Jim McIlvaine,22
1123,1995,Aaron McKie,22
1124,1995,Anthony Miller,23
1125,1995,Greg Minor,23
1126,1995,Eric Mobley,24
1127,1995,Eric Montross,23
1128,1995,Dwayne Morton,23
1129,1995,Lamond Murray,21
1130,1995,Ivano Newbill,24
1131,1995,Julius Nwosu,23
1132,1995,Wesley Person,23
1133,1995,Derrick Phelps,22
1134,1995,Eric Piatkowski,24
1135,1995,Eldridge Recasner,27
1136,1995,Khalid Reeves,22
1137,1995,Glenn Robinson,22
1138,1995,Carlos Rogers,23
1139,1995,Jalen Rose,22
1140,1995,Clifford Rozier,22
1141,1995,Trevor Ruffin,24
1142,1995,Dickey Simpkins,22
1143,1995,Reggie Slater,24
1144,1995,Michael Smith,22
1145,1995,Mark Strickland,24
1146,1995,Aaron Swinson,24
1147,1995,Zan Tabak,24
1148,1995,Brooks Thompson,24
1149,1995,Anthony Tucker,25
1150,1995,B.J. Tyler,23
1151,1995,Fred Vinson,24
1152,1995,Charlie Ward,24
1153,1995,Jamie Watson,22
1154,1995,Monty Williams,23
1155,1995,Dontonio Wingfield,20
1156,1995,Sharone Wright,22
1157,1996,Cory Alexander,22
1158,1996,Jerome Allen,23
1159,1996,John Amaechi,25
1160,1996,Ashraf Amaya,24
1161,1996,Brent Barry,24
1162,1996,Corey Beck,24
1163,1996,Mario Bennett,22
1164,1996,Travis Best,23
1165,1996,Melvin Booker,23
1166,1996,Donnie Boyce,22
1167,1996,Marques Bragg,25
1168,1996,Junior Burrough,23
1169,1996,Jason Caffey,22
1170,1996,Chris Carr,21
1171,1996,Randolph Childress,23
1172,1996,Robert Churchwell,23
1173,1996,Charles Claxton,25
1174,1996,John Coker,24
1175,1996,Rastko Cvetkovic,25
1176,1996,Sasha Danilovic,25
1177,1996,Mark Davis,22
1178,1996,Andrew DeClercq,22
1179,1996,Tyus Edney,22
1180,1996,Vincenzo Esposito,27
1181,1996,Michael Finley,22
1182,1996,Sherell Ford,23
1183,1996,Kevin Garnett,19
1184,1996,Anthony Goldwire,24
1185,1996,Thomas Hamilton,20
1186,1996,Alvin Heggs,28
1187,1996,Alan Henderson,23
1188,1996,Fred Hoiberg,23
1189,1996,Darryl Johnson,30
1190,1996,Frankie King,23
1191,1996,Jimmy King,22
1192,1996,Voshon Lenard,22
1193,1996,Cedric Lewis,26
1194,1996,Martin Lewis,20
1195,1996,Rich Manning,25
1196,1996,Donny Marshall,23
1197,1996,Cuonzo Martin,24
1198,1996,Clint McDaniel,23
1199,1996,Antonio McDyess,21
1200,1996,Loren Meyer,23
1201,1996,Lawrence Moten,23
1202,1996,Todd Mundt,25
1203,1996,Howard Nathan,24
1204,1996,Ed O'Bannon,23
1205,1996,Greg Ostertag,22
1206,1996,Cherokee Parks,23
1207,1996,Theo Ratliff,22
1208,1996,Bryant Reeves,22
1209,1996,Don Reid,22
1210,1996,Terrence Rencher,22
1211,1996,Shawn Respert,23
1212,1996,Lou Roe,23
1213,1996,Stefano Rusconi,27
1214,1996,Arvydas Sabonis,31
1215,1996,Joe Smith,20
1216,1996,Eric Snow,22
1217,1996,Jerry Stackhouse,21
1218,1996,Damon Stoudamire,22
1219,1996,Bob Sura,22
1220,1996,Larry Sykes,22
1221,1996,Kurt Thomas,23
1222,1996,Gary Trent,21
1223,1996,Logan Vander Velden,24
1224,1996,David Vaughn,22
1225,1996,Rasheed Wallace,21
1226,1996,Jeff Webster,24
1227,1996,Dwayne Whitfield,23
1228,1996,Eric Williams,23
1229,1996,Corliss Williamson,22
1230,1996,George Zidek,22
1231,1997,Shareef Abdur-Rahim,20
1232,1997,Ray Allen,21
1233,1997,Shandon Anderson,23
1234,1997,Dexter Boney,26
1235,1997,Bruce Bowen,25
1236,1997,Mark Bradtke,28
1237,1997,Marcus Brown,22
1238,1997,Kobe Bryant,18
1239,1997,Marcus Camby,22
1240,1997,Jimmy Carruth,27
1241,1997,Erick Dampier,21
1242,1997,Ben Davis,24
1243,1997,Emanual Davis,28
1244,1997,Tony Delk,23
1245,1997,Aleksandar Djordjevic,29
1246,1997,Nate Driggers,23
1247,1997,Brian Evans,23
1248,1997,Jamie Feick,22
1249,1997,Derek Fisher,22
1250,1997,Todd Fuller,22
1251,1997,Dean Garrett,30
1252,1997,Reggie Geary,23
1253,1997,Devin Gray,24
1254,1997,Evric Gray,27
1255,1997,Darvin Ham,23
1256,1997,Steve Hamer,23
1257,1997,Othella Harrington,23
1258,1997,Michael Hawkins,24
1259,1997,Shane Heal,26
1260,1997,Mark Hendrickson,22
1261,1997,Allen Iverson,21
1262,1997,Kerry Kittles,22
1263,1997,Travis Knight,22
1264,1997,Priest Lauderdale,23
1265,1997,Randy Livingston,21
1266,1997,Horacio Llamas Grey,23
1267,1997,Matt Maloney,25
1268,1997,Stephon Marbury,19
1269,1997,Walter McCarty,22
1270,1997,Amal McCaskill,23
1271,1997,Jeff McInnis,22
1272,1997,Martin Muursepp,22
1273,1997,Steve Nash,22
1274,1997,Ruben Nembhard,24
1275,1997,Gaylon Nickerson,27
1276,1997,Moochie Norris,23
1277,1997,Jermaine O'Neal,18
1278,1997,Ray Owes,24
1279,1997,Vitaly Potapenko,21
1280,1997,Chris Robinson,22
1281,1997,Roy Rogers,23
1282,1997,Malik Rose,22
1283,1997,Kevin Salvadori,26
1284,1997,Jason Sasser,23
1285,1997,Brent Scott,25
1286,1997,James Scott,24
1287,1997,Shawnelle Scott,24
1288,1997,Stevin Smith,25
1289,1997,Matt Steigenga,26
1290,1997,Joe Stephens,24
1291,1997,Erick Strickland,23
1292,1997,Brett Szabo,28
1293,1997,Antoine Walker,20
1294,1997,Samaki Walker,20
1295,1997,Ben Wallace,22
1296,1997,John Wallace,22
1297,1997,Donald Whiteside,27
1298,1997,Jerome Williams,23
1299,1997,Lorenzen Wright,21
1300,1998,Tariq Abdul-Wahad,23
1301,1998,Derek Anderson,23
1302,1998,Chris Anstey,23
1303,1998,Drew Barry,24
1304,1998,Tony Battie,21
1305,1998,Chauncey Billups,21
1306,1998,Etdrick Bohannon,24
1307,1998,Keith Booth,23
1308,1998,Rick Brunson,25
1309,1998,Kelvin Cato,23
1310,1998,Keith Closs,21
1311,1998,James Collins,24
1312,1998,James Cotton,22
1313,1998,Chris Crawford,22
1314,1998,Austin Croshere,22
1315,1998,William Cunningham,23
1316,1998,Antonio Daniels,22
1317,1998,Tim Duncan,21
1318,1998,Tony Farmer,28
1319,1998,Danny Fortson,21
1320,1998,Adonal Foyle,22
1321,1998,Lawrence Funderburke,27
1322,1998,Chris Garner,22
1323,1998,Kiwane Garris,23
1324,1998,Ed Gray,22
1325,1998,Derek Grimm,23
1326,1998,Reggie Hanson,29
1327,1998,Cedric Earl Henderson,22
1328,1998,Jerald Honeycutt,23
1329,1998,Troy Hudson,21
1330,1998,Zydrunas Ilgauskas,22
1331,1998,Bobby Jackson,24
1332,1998,Anthony Johnson,23
1333,1998,Dontae' Jones,22
1334,1998,Brevin Knight,22
1335,1998,Rusty LaRue,24
1336,1998,Jason Lawson,23
1337,1998,Michael McDonald,28
1338,1998,Tracy McGrady,18
1339,1998,Ron Mercer,21
1340,1998,Marko Milic,20
1341,1998,Jeff Nordgaard,24
1342,1998,Charles O'Bannon,22
1343,1998,Kevin Ollie,25
1344,1998,Anthony Parker,22
1345,1998,Scot Pollard,22
1346,1998,Mark Pope,25
1347,1998,Rodrick Rhodes,24
1348,1998,Shea Seals,22
1349,1998,God Shammgod,21
1350,1998,Charles Smith,22
1351,1998,Kebu Stewart,24
1352,1998,Michael Stewart,22
1353,1998,Ed Stokes,26
1354,1998,Johnny Taylor,23
1355,1998,Maurice Taylor,21
1356,1998,John Thomas,22
1357,1998,Tim Thomas,20
1358,1998,Keith Van Horn,22
1359,1998,Jacque Vaughn,22
1360,1998,Eric Washington,23
1361,1998,Bubba Wells,23
1362,1998,DeJuan Wheat,24
1363,1998,Alvin Williams,23
1364,1998,Brandon Williams,22
1365,1998,Travis Williams,28
1366,1999,Peter Aluma,25
1367,1999,Toby Bailey,23
1368,1999,LaMark Baker,29
1369,1999,Corey Benjamin,20
1370,1999,Mike Bibby,20
1371,1999,Earl Boykins,22
1372,1999,Gerald Brown,23
1373,1999,Cory Carr,23
1374,1999,Vince Carter,22
1375,1999,Keon Clark,23
1376,1999,Kornel David,27
1377,1999,Ricky Davis,19
1378,1999,Michael Dickerson,23
1379,1999,Michael Doleac,21
1380,1999,Bryce Drew,24
1381,1999,Marlon Garnett,23
1382,1999,Pat Garrity,22
1383,1999,Paul Grant,25
1384,1999,Matt Harpring,22
1385,1999,Al Harrington,18
1386,1999,J.R. Henderson,22
1387,1999,Larry Hughes,20
1388,1999,Randell Jackson,23
1389,1999,Sam Jacobson,23
1390,1999,Jerome James,23
1391,1999,Antawn Jamison,22
1392,1999,Charles Jones,23
1393,1999,Damon Jones,22
1394,1999,Jonathan Kerner,24
1395,1999,Gerard King,26
1396,1999,Raef LaFrentz,22
1397,1999,Rashard Lewis,19
1398,1999,Felipe Lopez,24
1399,1999,Tyronn Lue,21
1400,1999,Sean Marks,23
1401,1999,Kelly McCarty,23
1402,1999,Jelani McCoy,21
1403,1999,Roshown McLeod,23
1404,1999,Brad Miller,22
1405,1999,Cuttino Mobley,23
1406,1999,Nazr Mohammed,21
1407,1999,Mikki Moore,23
1408,1999,Makhtar N'Diaye,25
1409,1999,Tyrone Nesby,23
1410,1999,Rasho Nesterovic,22
1411,1999,Dirk Nowitzki,20
1412,1999,Michael Olowokandi,23
1413,1999,Andrae Patterson,23
1414,1999,Ruben Patterson,23
1415,1999,Paul Pierce,21
1416,1999,Casey Shaw,23
1417,1999,Jeffrey Sheppard,24
1418,1999,Miles Simon,23
1419,1999,Alvin Sims,24
1420,1999,Brian Skinner,22
1421,1999,Ryan Stack,23
1422,1999,Vladimir Stepania,22
1423,1999,Peja Stojakovic,21
1424,1999,Bruno Sundov,18
1425,1999,Robert Traylor,21
1426,1999,Bonzi Wells,22
1427,1999,Tyson Wheeler,23
1428,1999,Jahidi White,22
1429,1999,Jason Williams,23
1430,1999,Shammond Williams,23
1431,1999,Trevor Winter,25
1432,1999,Korleone Young,20
1433,2000,Rafer Alston,23
1434,2000,Chucky Atkins,25
1435,2000,William Avery,20
1436,2000,Jonathan Bender,19
1437,2000,Calvin Booth,23
1438,2000,Lazaro Borrell,27
1439,2000,Cal Bowdler,22
1440,2000,Ryan Bowen,24
1441,2000,Ira Bowman,26
1442,2000,A.J. Bramlett,23
1443,2000,Elton Brand,20
1444,2000,Greg Buckner,23
1445,2000,Rodney Buford,22
1446,2000,Anthony Carter,24
1447,2000,John Celestand,22
1448,2000,Vonteego Cummings,23
1449,2000,Baron Davis,20
1450,2000,Derrick Dial,24
1451,2000,Obinna Ekezie,24
1452,2000,Evan Eschmeyer,24
1453,2000,Jeff Foster,23
1454,2000,Steve Francis,22
1455,2000,Devean George,22
1456,2000,Dion Glover,21
1457,2000,Adrian Griffin,25
1458,2000,Richard Hamilton,21
1459,2000,Chris Herren,24
1460,2000,Derek Hood,23
1461,2000,Rick Hughes,26
1462,2000,Jermaine Jackson,23
1463,2000,Tim James,23
1464,2000,Harold Jamison,23
1465,2000,DeMarco Johnson,24
1466,2000,Jumaine Jones,20
1467,2000,Lari Ketner,22
1468,2000,Trajan Langdon,23
1469,2000,Quincy Lewis,22
1470,2000,Todd MacCulloch,24
1471,2000,Corey Maggette,20
1472,2000,Shawn Marion,21
1473,2000,Andre Miller,23
1474,2000,Jason Miskiri,24
1475,2000,Lamar Odom,20
1476,2000,Scott Padgett,23
1477,2000,Milt Palacio,21
1478,2000,James Posey,23
1479,2000,Laron Profit,22
1480,2000,Aleksandar Radojevic,23
1481,2000,Ryan Robertson,23
1482,2000,Eddie Robinson,23
1483,2000,Michael Ruffin,23
1484,2000,Wally Szczerbiak,22
1485,2000,Jason Terry,22
1486,2000,Jamel Thomas,26
1487,2000,Kenny Thomas,22
1488,2000,Mirsad Turkcan,23
1489,2000,Wayne Turner,23
1490,2000,Dedric Willoughby,25
1491,2000,Metta World Peace,20
1492,2000,Tim Young,23
1493,2001,Courtney Alexander,23
1494,2001,Dalibor Bagaric,20
1495,2001,Erick Barkley,22
1496,2001,Raja Bell,24
1497,2001,Mark Blount,25
1498,2001,Brian Cardinal,23
1499,2001,Mateen Cleaves,23
1500,2001,Jason Collier,23
1501,2001,Sean Colson,25
1502,2001,Jamal Crawford,20
1503,2001,Keyon Dooling,20
1504,2001,Khalid El-Amin,21
1505,2001,Marcus Fizer,22
1506,2001,Ruben Garces,27
1507,2001,Eddie Gill,22
1508,2001,Steve Goodrich,24
1509,2001,A.J. Guyton,22
1510,2001,Zendon Hamilton,25
1511,2001,Jason Hart,22
1512,2001,Donnell Harvey,20
1513,2001,Eddie House,22
1514,2001,Marc Jackson,26
1515,2001,Stephen Jackson,22
1516,2001,DerMarr Johnson,20
1517,2001,Garth Joseph,27
1518,2001,Dan Langhi,23
1519,2001,Art Long,28
1520,2001,Mark Madsen,25
1521,2001,Jamaal Magloire,22
1522,2001,Kenyon Martin,23
1523,2001,Desmond Mason,23
1524,2001,Dan McClintock,23
1525,2001,Paul McPherson,22
1526,2001,Stanislav Medvedenko,21
1527,2001,Chris Mihm,21
1528,2001,Darius Miles,19
1529,2001,Mike Miller,20
1530,2001,Jerome Moiso,22
1531,2001,Hanno Mottola,24
1532,2001,Mamadou N'Diaye,25
1533,2001,Lee Nailon,25
1534,2001,Eduardo Najera,24
1535,2001,Ira Newble,26
1536,2001,Olumide Oyedeji,19
1537,2001,Andy Panko,23
1538,2001,Mike Penberthy,26
1539,2001,Morris Peterson,23
1540,2001,Chris Porter,22
1541,2001,Lavor Postell,22
1542,2001,Joel Przybilla,21
1543,2001,Michael Redd,21
1544,2001,Quentin Richardson,20
1545,2001,Terrance Roberson,24
1546,2001,Jamal Robinson,27
1547,2001,Soumaila Samake,22
1548,2001,Pepe Sanchez,23
1549,2001,Daniel Santiago,24
1550,2001,Jabari Smith,23
1551,2001,Mike Smith,24
1552,2001,DeShawn Stevenson,19
1553,2001,Stromile Swift,21
1554,2001,Dragan Tarlac,27
1555,2001,Jake Tsakalidis,21
1556,2001,Hedo Turkoglu,21
1557,2001,David Vanterpool,27
1558,2001,Jake Voskuhl,23
1559,2001,Ruben Wolkowyski,27
1560,2001,Wang Zhizhi,23
1561,2002,Malik Allen,23
1562,2002,Chris Andersen,23
1563,2002,Gilbert Arenas,20
1564,2002,Brandon Armstrong,21
1565,2002,Carlos Arroyo,22
1566,2002,Mengke Bateer,26
1567,2002,Shane Battier,23
1568,2002,Charlie Bell,22
1569,2002,Ruben Boumtje-Boumtje,23
1570,2002,Michael Bradley,22
1571,2002,Jamison Brewer,21
1572,2002,Primoz Brezec,22
1573,2002,Damone Brown,22
1574,2002,Ernest Brown,22
1575,2002,Kedrick Brown,20
1576,2002,Kwame Brown,19
1577,2002,Tierre Brown,22
1578,2002,Tyson Chandler,19
1579,2002,Speedy Claxton,23
1580,2002,Jarron Collins,23
1581,2002,Jason Collins,23
1582,2002,Joe Crispin,22
1583,2002,Eddy Curry,19
1584,2002,Samuel Dalembert,20
1585,2002,DeSagana Diop,20
1586,2002,Predrag Drobnjak,26
1587,2002,Maurice Evans,23
1588,2002,Isaac Fontaine,26
1589,2002,Alton Ford,20
1590,2002,Joseph Forte,20
1591,2002,Antonis Fotsis,20
1592,2002,Tremaine Fowlkes,25
1593,2002,Pau Gasol,21
1594,2002,Eddie Griffin,19
1595,2002,Tang Hamilton,23
1596,2002,Trenton Hassell,22
1597,2002,Kirk Haston,22
1598,2002,Brendan Haywood,22
1599,2002,Steven Hunter,20
1600,2002,Mike James,26
1601,2002,Richard Jefferson,21
1602,2002,Joe Johnson,20
1603,2002,Alvin Jones,23
1604,2002,Andrei Kirilenko,20
1605,2002,Terence Morris,23
1606,2002,Troy Murphy,21
1607,2002,Dean Oliver,23
1608,2002,Tony Parker,19
1609,2002,Vladimir Radmanovic,21
1610,2002,Zach Randolph,20
1611,2002,Zeljko Rebraca,29
1612,2002,Jason Richardson,21
1613,2002,Norm Richardson,22
1614,2002,Jeryl Sasser,22
1615,2002,Kenny Satterfield,20
1616,2002,Brian Scalabrine,23
1617,2002,Ansu Sesay,25
1618,2002,Bobby Simmons,21
1619,2002,Leon Smith,21
1620,2002,Will Solomon,23
1621,2002,Etan Thomas,23
1622,2002,Jamaal Tinsley,23
1623,2002,Oscar Torres,25
1624,2002,Jeff Trepagnier,22
1625,2002,Ratko Varda,22
1626,2002,Gerald Wallace,19
1627,2002,Earl Watson,22
1628,2002,Rodney White,21
1629,2002,Loren Woods,23
1630,2003,Robert Archibald,22
1631,2003,Maceo Baston,27
1632,2003,Mike Batiste,25
1633,2003,Lonny Baxter,24
1634,2003,Carlos Boozer,21
1635,2003,J.R. Bremer,22
1636,2003,Devin Brown,24
1637,2003,Pat Burke,29
1638,2003,Caron Butler,22
1639,2003,Rasual Butler,23
1640,2003,Dan Dickau,24
1641,2003,Juan Dixon,24
1642,2003,Mike Dunleavy,22
1643,2003,Melvin Ely,24
1644,2003,Reggie Evans,22
1645,2003,Dan Gadzuric,24
1646,2003,Manu Ginobili,25
1647,2003,Gordan Giricek,25
1648,2003,Drew Gooden,21
1649,2003,Marcus Haislip,22
1650,2003,Adam Harrington,22
1651,2003,Junior Harrington,22
1652,2003,Juaquin Hawkins,29
1653,2003,Nene Hilario,20
1654,2003,Nate Huffman,27
1655,2003,Ryan Humphrey,23
1656,2003,Casey Jacobsen,21
1657,2003,Marko Jaric,24
1658,2003,Chris Jefferies,22
1659,2003,Jared Jeffries,21
1660,2003,Ken Johnson,24
1661,2003,Fred Jones,23
1662,2003,Sean Lampley,23
1663,2003,Tito Maddox,21
1664,2003,Roger Mason,22
1665,2003,Yao Ming,22
1666,2003,Ronald Murray,23
1667,2003,Bostjan Nachbar,22
1668,2003,Mehmet Okur,23
1669,2003,Chris Owens,23
1670,2003,Jannero Pargo,23
1671,2003,Smush Parker,21
1672,2003,Tayshaun Prince,22
1673,2003,Igor Rakocevic,24
1674,2003,Efthimi Rentzias,27
1675,2003,Antoine Rigaudeau,31
1676,2003,Guy Rucker,25
1677,2003,Kareem Rush,22
1678,2003,John Salmons,23
1679,2003,Jamal Sampson,19
1680,2003,Predrag Savovic,26
1681,2003,Paul Shirley,25
1682,2003,Tamar Slay,22
1683,2003,Amar'e Stoudemire,20
1684,2003,Cezary Trybanski,23
1685,2003,Nikoloz Tskitishvili,19
1686,2003,Dajuan Wagner,19
1687,2003,Jiri Welsch,23
1688,2003,Chris Wilcox,20
1689,2003,Mike Wilks,23
1690,2003,Frank Williams,22
1691,2003,Jay Williams,21
1692,2003,Qyntel Woods,21
1693,2003,Vincent Yarbrough,21
1694,2004,Carmelo Anthony,19
1695,2004,Marcus Banks,22
1696,2004,Leandro Barbosa,21
1697,2004,Matt Barnes,23
1698,2004,Jerome Beasley,23
1699,2004,Troy Bell,23
1700,2004,Steve Blake,23
1701,2004,Keith Bogans,23
1702,2004,Curtis Borchardt,23
1703,2004,Chris Bosh,19
1704,2004,Torraye Braggs,27
1705,2004,Zarko Cabarkapa,22
1706,2004,Matt Carroll,23
1707,2004,Maurice Carter,27
1708,2004,Brian Cook,23
1709,2004,Omar Cook,22
1710,2004,Marquis Daniels,23
1711,2004,Josh Davis,23
1712,2004,Boris Diaw,21
1713,2004,Kaniel Dickens,25
1714,2004,Ronald Dupree,23
1715,2004,Ndudi Ebi,19
1716,2004,Francisco Elson,27
1717,2004,Desmond Ferguson,26
1718,2004,T.J. Ford,20
1719,2004,Richie Frahm,26
1720,2004,Hiram Fuller,22
1721,2004,Reece Gaines,23
1722,2004,Alex Garcia,23
1723,2004,Willie Green,22
1724,2004,Ben Handlogten,30
1725,2004,Travis Hansen,25
1726,2004,Udonis Haslem,23
1727,2004,Jarvis Hayes,22
1728,2004,Kirk Hinrich,23
1729,2004,Josh Howard,23
1730,2004,Brandon Hunter,23
1731,2004,LeBron James,19
1732,2004,Britton Johnsen,24
1733,2004,Linton Johnson,23
1734,2004,Dahntay Jones,23
1735,2004,James Jones,23
1736,2004,Chris Kaman,21
1737,2004,Jason Kapono,22
1738,2004,Kyle Korver,22
1739,2004,Maciej Lampe,18
1740,2004,Raul Lopez,23
1741,2004,Keith McLeod,24
1742,2004,Darko Milicic,18
1743,2004,Travis Outlaw,19
1744,2004,Zaza Pachulia,19
1745,2004,Sasha Pavlovic,20
1746,2004,Desmond Penigar,22
1747,2004,Kirk Penney,23
1748,2004,Kendrick Perkins,19
1749,2004,Mickael Pietrus,21
1750,2004,Zoran Planinic,21
1751,2004,Luke Ridnour,22
1752,2004,Theron Smith,23
1753,2004,Darius Songaila,25
1754,2004,Mike Sweetney,21
1755,2004,Ime Udoka,26
1756,2004,Slavko Vranes,21
1757,2004,Dwyane Wade,22
1758,2004,Luke Walton,23
1759,2004,David West,23
1760,2004,Mo Williams,21
1761,2005,Tony Allen,23
1762,2005,Rafael Araujo,24
1763,2005,Trevor Ariza,19
1764,2005,Maurice Baker,25
1765,2005,Andre Barrett,22
1766,2005,Andris Biedrins,18
1767,2005,Tony Bobbitt,25
1768,2005,Matt Bonner,24
1769,2005,Antonio Burks,24
1770,2005,Jackie Butler,19
1771,2005,Geno Carlisle,28
1772,2005,Lionel Chalmers,24
1773,2005,Josh Childress,21
1774,2005,Nick Collison,24
1775,2005,Erik Daniels,22
1776,2005,Carlos Delfino,22
1777,2005,Luol Deng,19
1778,2005,Chris Duhon,22
1779,2005,Corsley Edwards,25
1780,2005,John Edwards,23
1781,2005,Andre Emmett,22
1782,2005,Luis Flores,23
1783,2005,Matt Freije,23
1784,2005,Ben Gordon,21
1785,2005,Devin Harris,21
1786,2005,David Harrison,22
1787,2005,Dwight Howard,19
1788,2005,Kris Humphries,19
1789,2005,Andre Iguodala,21
1790,2005,Didier Ilunga-Mbenga,24
1791,2005,Royal Ivey,23
1792,2005,Luke Jackson,23
1793,2005,Al Jefferson,20
1794,2005,Horace Jenkins,30
1795,2005,Mark Jones,29
1796,2005,Mario Kasun,24
1797,2005,Viktor Khryapa,22
1798,2005,Brandin Knight,23
1799,2005,Nenad Krstic,21
1800,2005,Ibo Kutluay,30
1801,2005,Shaun Livingston,19
1802,2005,Kevin Martin,21
1803,2005,Jameer Nelson,22
1804,2005,Andres Nocioni,25
1805,2005,Emeka Okafor,22
1806,2005,Pavel Podkolzin,20
1807,2005,Peter John Ramos,19
1808,2005,Justin Reed,23
1809,2005,Jared Reiner,22
1810,2005,Bernard Robinson,24
1811,2005,Quinton Ross,23
1812,2005,Ha Seung-Jin,19
1813,2005,Donta Smith,21
1814,2005,J.R. Smith,19
1815,2005,Josh Smith,19
1816,2005,Kirk Snyder,21
1817,2005,Pape Sow,23
1818,2005,Awvee Storey,27
1819,2005,Robert Swift,19
1820,2005,Yuta Tabuse,24
1821,2005,Sebastian Telfair,19
1822,2005,Billy Thomas,29
1823,2005,James Thomas,24
1824,2005,Beno Udrih,22
1825,2005,Anderson Varejao,22
1826,2005,Jackson Vroman,23
1827,2005,Sasha Vujacic,20
1828,2005,Delonte West,21
1829,2005,Damien Wilkins,25
1830,2005,Dorell Wright,19
1831,2006,Alex Acker,23
1832,2006,Alan Anderson,23
1833,2006,Martynas Andriuskevicius,19
1834,2006,Earl Barron,24
1835,2006,Eddie Basden,22
1836,2006,Brandon Bass,20
1837,2006,Esteban Batista,22
1838,2006,Andray Blatche,19
1839,2006,Andrew Bogut,21
1840,2006,Kevin Burleson,26
1841,2006,Andrew Bynum,18
1842,2006,Will Bynum,23
1843,2006,Jose Calderon,24
1844,2006,Travis Diener,23
1845,2006,Ike Diogu,22
1846,2006,Monta Ellis,20
1847,2006,Daniel Ewing,22
1848,2006,Noel Felix,24
1849,2006,Raymond Felton,21
1850,2006,Gerald Fitch,23
1851,2006,Sharrod Ford,24
1852,2006,Channing Frye,22
1853,2006,Deng Gai,23
1854,2006,Francisco Garcia,24
1855,2006,Ryan Gomes,23
1856,2006,Joey Graham,23
1857,2006,Stephen Graham,23
1858,2006,Danny Granger,22
1859,2006,Devin Green,23
1860,2006,Gerald Green,20
1861,2006,Orien Greene,23
1862,2006,Anthony Grundy,26
1863,2006,Chuck Hayes,22
1864,2006,Luther Head,23
1865,2006,Julius Hodge,22
1866,2006,Randy Holcomb,26
1867,2006,Jarrett Jack,22
1868,2006,Sarunas Jasikevicius,29
1869,2006,Amir Johnson,18
1870,2006,Dwayne Jones,22
1871,2006,Linas Kleiza,21
1872,2006,Yaroslav Korolev,18
1873,2006,David Lee,22
1874,2006,John Lucas,23
1875,2006,Arvydas Macijauskas,26
1876,2006,Rawle Marshall,23
1877,2006,Jason Maxiell,22
1878,2006,Sean May,21
1879,2006,Rashad McCants,21
1880,2006,Aaron Miles,22
1881,2006,C.J. Miles,18
1882,2006,Sergei Monia,22
1883,2006,Boniface N'Dong,28
1884,2006,Fabricio Oberto,30
1885,2006,Andre Owens,25
1886,2006,Chris Paul,20
1887,2006,Johan Petro,20
1888,2006,Josh Powell,23
1889,2006,Ronnie Price,22
1890,2006,Shavlik Randolph,22
1891,2006,Anthony Roberson,22
1892,2006,Lawrence Roberts,23
1893,2006,Nate Robinson,21
1894,2006,Melvin Sanders,25
1895,2006,Alex Scales,27
1896,2006,Luke Schenscher,23
1897,2006,Wayne Simien,22
1898,2006,James Singleton,24
1899,2006,Salim Stoudamire,23
1900,2006,Chris Taft,20
1901,2006,Donell Taylor,23
1902,2006,Dijon Thompson,22
1903,2006,Ronny Turiaf,23
1904,2006,Charlie Villanueva,21
1905,2006,Von Wafer,20
1906,2006,Matt Walsh,23
1907,2006,Hakim Warrick,23
1908,2006,Martell Webster,19
1909,2006,Robert Whaley,23
1910,2006,Deron Williams,21
1911,2006,Lou Williams,19
1912,2006,Marvin Williams,19
1913,2006,Antoine Wright,21
1914,2006,Bracey Wright,21
1915,2006,Derrick Zimmerman,24
1916,2007,Hassan Adams,22
1917,2007,Maurice Ager,22
1918,2007,LaMarcus Aldridge,21
1919,2007,Louis Amundson,24
1920,2007,Hilton Armstrong,22
1921,2007,James Augustine,22
1922,2007,Kelenna Azubuike,23
1923,2007,Renaldo Balkman,22
1924,2007,Jose Barea,22
1925,2007,Andrea Bargnani,21
1926,2007,Will Blalock,23
1927,2007,Josh Boone,22
1928,2007,Cedric Bozeman,23
1929,2007,Ronnie Brewer,21
1930,2007,Andre Brown,25
1931,2007,Daniel Brown,22
1932,2007,Shannon Brown,21
1933,2007,Rodney Carney,22
1934,2007,Mardy Collins,22
1935,2007,Will Conroy,24
1936,2007,Paul Davis,22
1937,2007,Yakhouba Diawara,24
1938,2007,Quincy Douby,22
1939,2007,Jordan Farmar,20
1940,2007,Desmon Farmer,25
1941,2007,Randy Foye,23
1942,2007,Jorge Garbajosa,29
1943,2007,Rudy Gay,20
1944,2007,Mickael Gelabale,23
1945,2007,Daniel Gibson,20
1946,2007,Andreas Glyniadakis,25
1947,2007,Lynn Greer,27
1948,2007,Mike Hall,22
1949,2007,Walter Herrmann,27
1950,2007,Robert Hite,23
1951,2007,Ryan Hollins,22
1952,2007,Mile Ilic,22
1953,2007,Ersan Ilyasova,19
1954,2007,Alexander Johnson,23
1955,2007,Bobby Jones,23
1956,2007,Solomon Jones,22
1957,2007,Tarence Kinsey,22
1958,2007,James Lang,23
1959,2007,Kyle Lowry,20
1960,2007,Renaldo Major,24
1961,2007,Damir Markota,21
1962,2007,Chris McCray,22
1963,2007,Ivan McFarlin,24
1964,2007,Pops Mensah-Bonsu,23
1965,2007,Paul Millsap,21
1966,2007,Randolph Morris,21
1967,2007,Adam Morrison,22
1968,2007,David Noel,22
1969,2007,Steve Novak,23
1970,2007,Patrick O'Bryant,20
1971,2007,Kevinn Pinkney,23
1972,2007,Leon Powe,23
1973,2007,Roger Powell,24
1974,2007,Chris Quinn,23
1975,2007,Allan Ray,22
1976,2007,J.J. Redick,22
1977,2007,Jeremy Richardson,22
1978,2007,Sergio Rodriguez,20
1979,2007,Rajon Rondo,20
1980,2007,Brandon Roy,22
1981,2007,Thabo Sefolosha,22
1982,2007,Mouhamed Sene,20
1983,2007,Cedric Simmons,21
1984,2007,Uros Slokar,23
1985,2007,Craig Smith,23
1986,2007,Steven Smith,23
1987,2007,Vassilis Spanoulis,24
1988,2007,Tyrus Thomas,20
1989,2007,P.J. Tucker,21
1990,2007,Marcus Vinicius,22
1991,2007,James White,24
1992,2007,Justin Williams,22
1993,2007,Marcus Williams,21
1994,2007,Shawne Williams,20
1995,2007,Shelden Williams,23
1996,2008,Arron Afflalo,22
1997,2008,Blake Ahearn,23
1998,2008,Lance Allred,26
1999,2008,Morris Almond,22
2000,2008,Joel Anthony,25
2001,2008,Marco Belinelli,21
2002,2008,Corey Brewer,21
2003,2008,Aaron Brooks,23
2004,2008,Wilson Chandler,20
2005,2008,Mike Conley,20
2006,2008,Daequan Cook,20
2007,2008,Javaris Crittenton,20
2008,2008,Jermareo Davidson,23
2009,2008,Glen Davis,22
2010,2008,Guillermo Diaz,22
2011,2008,Jared Dudley,22
2012,2008,Kevin Durant,19
2013,2008,Nick Fazekas,22
2014,2008,Kyrylo Fesenko,21
2015,2008,Thomas Gardner,22
2016,2008,Marcin Gortat,23
2017,2008,Aaron Gray,23
2018,2008,Jeff Green,21
2019,2008,Taurean Green,21
2020,2008,Mike Harris,24
2021,2008,Spencer Hawes,19
2022,2008,Al Horford,21
2023,2008,Yi Jianlian,20
2024,2008,Coby Karl,24
2025,2008,Carl Landry,24
2026,2008,Keith Langford,24
2027,2008,Stephane Lasme,25
2028,2008,Acie Law,23
2029,2008,Ian Mahinmi,21
2030,2008,Dominic McGuire,22
2031,2008,Josh McRoberts,20
2032,2008,Jamario Moon,27
2033,2008,Juan Carlos Navarro,27
2034,2008,Demetris Nichols,23
2035,2008,Joakim Noah,22
2036,2008,Oleksiy Pecherov,22
2037,2008,Kosta Perovic,22
2038,2008,Kasib Powell,26
2039,2008,Gabe Pruitt,21
2040,2008,Chris Richard,23
2041,2008,Cheikh Samb,23
2042,2008,Luis Scola,27
2043,2008,Ramon Sessions,21
2044,2008,Courtney Sims,24
2045,2008,Jason Smith,21
2046,2008,D.J. Strawberry,22
2047,2008,Rodney Stuckey,21
2048,2008,Al Thornton,24
2049,2008,Alando Tucker,23
2050,2008,Darius Washington,22
2051,2008,Darryl Watkins,23
2052,2008,C.J. Watson,23
2053,2008,Mario West,23
2054,2008,Marcus Williams,21
2055,2008,Sean Williams,21
2056,2008,Brandan Wright,20
2057,2008,Julian Wright,20
2058,2008,Nick Young,22
2059,2008,Thaddeus Young,19
2060,2009,Alexis Ajinca,20
2061,2009,Joe Alexander,22
2062,2009,Ryan Anderson,20
2063,2009,Darrell Arthur,20
2064,2009,D.J. Augustin,21
2065,2009,Nicolas Batum,20
2066,2009,Jerryd Bayless,20
2067,2009,Michael Beasley,20
2068,2009,Bobby Brown,24
2069,2009,Mario Chalmers,22
2070,2009,Joe Crawford,22
2071,2009,Joey Dorsey,25
2072,2009,Chris Douglas-Roberts,22
2073,2009,Goran Dragic,22
2074,2009,Rudy Fernandez,23
2075,2009,Danilo Gallinari,20
2076,2009,Marc Gasol,24
2077,2009,J.R. Giddens,23
2078,2009,Eric Gordon,20
2079,2009,Donte Greene,20
2080,2009,Hamed Haddadi,23
2081,2009,Malik Hairston,21
2082,2009,Roy Hibbert,22
2083,2009,J.J. Hickson,20
2084,2009,George Hill,22
2085,2009,Steven Hill,23
2086,2009,Othello Hunter,22
2087,2009,Darnell Jackson,23
2088,2009,Nathan Jawai,22
2089,2009,Dontell Jefferson,25
2090,2009,Trey Johnson,24
2091,2009,DeAndre Jordan,20
2092,2009,Kosta Koufos,19
2093,2009,Rob Kurz,23
2094,2009,Courtney Lee,23
2095,2009,Brook Lopez,20
2096,2009,Robin Lopez,20
2097,2009,Kevin Love,20
2098,2009,Cartier Martin,24
2099,2009,O.J. Mayo,21
2100,2009,Luc Mbah a Moute,22
2101,2009,JaVale McGee,21
2102,2009,Anthony Morrow,23
2103,2009,DeMarcus Nelson,23
2104,2009,Greg Oden,21
2105,2009,Anthony Randolph,19
2106,2009,Derrick Rose,20
2107,2009,Brandon Rush,23
2108,2009,Walter Sharpe,22
2109,2009,Sean Singletary,23
2110,2009,Marreese Speights,21
2111,2009,Mike Taylor,23
2112,2009,Jason Thompson,22
2113,2009,Anthony Tolliver,23
2114,2009,Roko Ukic,24
2115,2009,Henry Walker,21
2116,2009,Kyle Weaver,22
2117,2009,Sonny Weems,22
2118,2009,Russell Westbrook,20
2119,2009,D.J. White,22
2120,2009,Jawad Williams,25
2121,2009,Sun Yue,23
2122,2010,David Andersen,29
2123,2010,Antonio Anderson,24
2124,2010,Jeff Ayres,22
2125,2010,Rodrigue Beaubois,21
2126,2010,DeJuan Blair,20
2127,2010,Jon Brockman,22
2128,2010,Derrick Brown,22
2129,2010,Chase Budinger,21
2130,2010,DeMarre Carroll,23
2131,2010,Omri Casspi,21
2132,2010,Earl Clark,22
2133,2010,Darren Collison,22
2134,2010,Dante Cunningham,22
2135,2010,JamesOn Curry,24
2136,2010,Stephen Curry,21
2137,2010,Austin Daye,21
2138,2010,DeMar DeRozan,20
2139,2010,Toney Douglas,23
2140,2010,Wayne Ellington,22
2141,2010,Tyreke Evans,20
2142,2010,Jonny Flynn,20
2143,2010,Sundiata Gaines,23
2144,2010,Alonzo Gee,22
2145,2010,Taj Gibson,24
2146,2010,Trey Gilder,25
2147,2010,Danny Green,22
2148,2010,Taylor Griffin,23
2149,2010,Tyler Hansbrough,24
2150,2010,James Harden,20
2151,2010,Gerald McKinley Henderson,22
2152,2010,Jordan Hill,22
2153,2010,Jrue Holiday,19
2154,2010,Lester Hudson,25
2155,2010,Chris Hunter,25
2156,2010,Serge Ibaka,20
2157,2010,Cedric Jackson,23
2158,2010,Othyus Jeffers,24
2159,2010,Brandon Jennings,20
2160,2010,Jonas Jerebko,22
2161,2010,James Johnson,22
2162,2010,Oliver Lafayette,25
2163,2010,Marcus Landry,24
2164,2010,Ty Lawson,22
2165,2010,Wesley Matthews,23
2166,2010,Eric Maynor,22
2167,2010,Jodie Meeks,22
2168,2010,Patrick Mills,21
2169,2010,Byron Mullens,20
2170,2010,A.J. Price,23
2171,2010,DaJuan Summers,22
2172,2010,Jermaine Taylor,23
2173,2010,Jeff Teague,21
2174,2010,Garrett Temple,23
2175,2010,Hasheem Thabeet,22
2176,2010,Marcus Thornton,22
2177,2010,Reggie Williams,23
2178,2010,Terrence Williams,22
2179,2010,Sam Young,24
2180,2011,Jeff Adrien,24
2181,2011,Solomon Alabi,22
2182,2011,Cole Aldrich,22
2183,2011,Al-Farouq Aminu,20
2184,2011,James Anderson,21
2185,2011,Omer Asik,24
2186,2011,Luke Babbitt,21
2187,2011,Eric Bledsoe,21
2188,2011,Trevor Booker,23
2189,2011,Craig Brackins,23
2190,2011,Avery Bradley,20
2191,2011,Derrick Caracter,22
2192,2011,Sherron Collins,23
2193,2011,Marcus Cousin,24
2194,2011,DeMarcus Cousins,20
2195,2011,Jordan Crawford,22
2196,2011,Ed Davis,21
2197,2011,Zabian Dowdell,26
2198,2011,Devin Ebanks,21
2199,2011,Semih Erden,24
2200,2011,Jeremy Evans,23
2201,2011,Patrick Ewing Jr,26
2202,2011,Christian Eyenga,21
2203,2011,Derrick Favors,19
2204,2011,Landry Fields,22
2205,2011,Gary Forbes,25
2206,2011,Paul George,20
2207,2011,Blake Griffin,21
2208,2011,Luke Harangody,23
2209,2011,Manny Harris,21
2210,2011,Gordon Hayward,20
2211,2011,Lazar Hayward,24
2212,2011,Xavier Henry,19
2213,2011,Damion James,23
2214,2011,Eugene Jeter,27
2215,2011,Armon Johnson,21
2216,2011,Chris Johnson,25
2217,2011,Wesley Johnson,23
2218,2011,Dominique Jones,22
2219,2011,Gani Lawal,22
2220,2011,Jeremy Lin,22
2221,2011,Greg Monroe,20
2222,2011,Timofey Mozgov,24
2223,2011,Hamady N'Diaye,24
2224,2011,Gary Neal,26
2225,2011,Larry Owens,28
2226,2011,Patrick Patterson,21
2227,2011,Nikola Pekovic,25
2228,2011,Dexter Pittman,22
2229,2011,Quincy Pondexter,22
2230,2011,Andy Rautins,24
2231,2011,Samardo Samuels,22
2232,2011,Larry Sanders,22
2233,2011,Kevin Seraphin,21
2234,2011,Mustafa Shakur,26
2235,2011,Garret Siler,24
2236,2011,Ish Smith,22
2237,2011,Tiago Splitter,26
2238,2011,Lance Stephenson,20
2239,2011,Pape Sy,22
2240,2011,Evan Turner,22
2241,2011,Ekpe Udoh,23
2242,2011,Ben Uzoh,22
2243,2011,Greivis Vasquez,24
2244,2011,John Wall,20
2245,2011,Willie Warren,21
2246,2011,Hassan Whiteside,21
2247,2012,Lavoy Allen,22
2248,2012,Gustavo Ayon,26
2249,2012,Keith Benson,23
2250,2012,Bismack Biyombo,19
2251,2012,MarShon Brooks,23
2252,2012,Alec Burks,20
2253,2012,Jimmy Butler,22
2254,2012,Derrick Byars,27
2255,2012,Norris Cole,23
2256,2012,Eric Dawson,27
2257,2012,Justin Dentmon,26
2258,2012,Jerome Dyson,24
2259,2012,Kenneth Faried,22
2260,2012,Jeff Foote,24
2261,2012,Courtney Fortson,23
2262,2012,Jimmer Fredette,22
2263,2012,Mickell Gladness,25
2264,2012,Andrew Goudelock,23
2265,2012,Jordan Hamilton,21
2266,2012,Justin Harper,22
2267,2012,Josh Harrellson,22
2268,2012,Terrel Harris,24
2269,2012,Tobias Harris,19
2270,2012,Cory Higgins,22
2271,2012,Darington Hobson,24
2272,2012,Tyler Honeycutt,21
2273,2012,Dennis Horner,23
2274,2012,Kyrie Irving,19
2275,2012,Reggie Jackson,21
2276,2012,Charles Jenkins,22
2277,2012,Carldell Johnson,29
2278,2012,Ivan Johnson,27
2279,2012,JaJuan Johnson,22
2280,2012,Jerome Jordan,25
2281,2012,Cory Joseph,20
2282,2012,Enes Kanter,19
2283,2012,D.J. Kennedy,22
2284,2012,Brandon Knight,20
2285,2012,Malcolm Lee,21
2286,2012,Kawhi Leonard,20
2287,2012,Travis Leslie,21
2288,2012,Jon Leuer,22
2289,2012,DeAndre Liggins,23
2290,2012,Shelvin Mack,21
2291,2012,Vernon Macklin,25
2292,2012,E'Twaun Moore,22
2293,2012,Darius Morris,21
2294,2012,Marcus Morris,22
2295,2012,Markieff Morris,22
2296,2012,Daniel Orton,21
2297,2012,Jeremy Pargo,25
2298,2012,Chandler Parsons,23
2299,2012,Ryan Reid,25
2300,2012,Ricky Rubio,21
2301,2012,Walker Russell,29
2302,2012,Josh Selby,20
2303,2012,Iman Shumpert,21
2304,2012,Xavier Silas,24
2305,2012,Chris Singleton,22
2306,2012,Donald Sloan,24
2307,2012,Greg Smith,21
2308,2012,Jerry Smith,24
2309,2012,Nolan Smith,23
2310,2012,Greg Stiemsma,26
2311,2012,Julyan Stone,23
2312,2012,Isaiah Thomas,22
2313,2012,Lance Thomas,23
2314,2012,Malcolm Thomas,23
2315,2012,Trey Thompkins,21
2316,2012,Klay Thompson,21
2317,2012,Mychel Thompson,23
2318,2012,Tristan Thompson,20
2319,2012,Jeremy Tyler,20
2320,2012,Edwin Ubiles,25
2321,2012,Jan Vesely,21
2322,2012,Nikola Vucevic,21
2323,2012,Kemba Walker,21
2324,2012,Derrick Williams,20
2325,2012,Elliot Williams,22
2326,2012,Jordan Williams,21
2327,2012,Chris Wright,23
2328,2013,Quincy Acy,22
2329,2013,Josh Akognon,26
2330,2013,Harrison Barnes,20
2331,2013,Will Barton,22
2332,2013,Aron Baynes,26
2333,2013,Kent Bazemore,23
2334,2013,Bradley Beal,19
2335,2013,Patrick Beverley,24
2336,2013,Victor Claver,24
2337,2013,Chris Copeland,28
2338,2013,Jae Crowder,22
2339,2013,Jared Cunningham,21
2340,2013,Anthony Davis,19
2341,2013,Nando De Colo,25
2342,2013,Andre Drummond,19
2343,2013,Kim English,24
2344,2013,Festus Ezeli,23
2345,2013,Evan Fournier,20
2346,2013,Joel Freeland,25
2347,2013,Diante Garrett,24
2348,2013,Draymond Green,22
2349,2013,Ben Hansbrough,25
2350,2013,Maurice Harkless,19
2351,2013,John Henson,22
2352,2013,Justin Holiday,23
2353,2013,Bernard James,27
2354,2013,John Jenkins,21
2355,2013,Chris Johnson,22
2356,2013,Orlando Johnson,23
2357,2013,Darius Johnson-Odom,23
2358,2013,DeQuan Jones,22
2359,2013,Kevin Jones,23
2360,2013,Perry Jones,21
2361,2013,Terrence Jones,21
2362,2013,Kris Joseph,24
2363,2013,Michael Kidd-Gilchrist,19
2364,2013,Viacheslav Kravtsov,25
2365,2013,Doron Lamb,21
2366,2013,Jeremy Lamb,20
2367,2013,Meyers Leonard,20
2368,2013,Damian Lillard,22
2369,2013,Scott Machado,22
2370,2013,Kendall Marshall,21
2371,2013,Fab Melo,22
2372,2013,Khris Middleton,21
2373,2013,Darius Miller,22
2374,2013,Quincy Miller,20
2375,2013,Donatas Motiejunas,22
2376,2013,Arnett Moultrie,22
2377,2013,Kevin Murphy,22
2378,2013,Andrew Nicholson,23
2379,2013,Kyle O'Quinn,22
2380,2013,Tim Ohlbrecht,24
2381,2013,Miles Plumlee,24
2382,2013,Pablo Prigioni,35
2383,2013,Austin Rivers,20
2384,2013,Brian Roberts,27
2385,2013,Thomas Robinson,21
2386,2013,Terrence Ross,21
2387,2013,Robert Sacre,23
2388,2013,Mike Scott,24
2389,2013,Tornike Shengelia,21
2390,2013,Alexey Shved,24
2391,2013,Henry Sims,22
2392,2013,Kyle Singler,24
2393,2013,Jared Sullinger,20
2394,2013,Jeffery Taylor,23
2395,2013,Tyshawn Taylor,22
2396,2013,Marquis Teague,19
2397,2013,Mirza Teletovic,27
2398,2013,Jonas Valanciunas,20
2399,2013,Jarvis Varnado,24
2400,2013,Dion Waiters,21
2401,2013,Maalik Wayns,21
2402,2013,Chris Wright,23
2403,2013,Tony Wroten,19
2404,2013,Luke Zeller,25
2405,2013,Tyler Zeller,23
2406,2014,Steven Adams,20
2407,2014,Giannis Antetokounmpo,19
2408,2014,Pero Antic,31
2409,2014,Chris Babb,23
2410,2014,Anthony Bennett,20
2411,2014,Vander Blue,21
2412,2014,Lorenzo Brown,23
2413,2014,Reggie Bullock,22
2414,2014,Trey Burke,21
2415,2014,Dwight Buycks,24
2416,2014,Nick Calathes,24
2417,2014,Kentavious Caldwell-Pope,20
2418,2014,Isaiah Canaan,22
2419,2014,Michael Carter-Williams,22
2420,2014,Dionte Christmas,27
2421,2014,Ian Clark,22
2422,2014,Robert Covington,23
2423,2014,Allen Crabbe,21
2424,2014,Seth Curry,23
2425,2014,Troy Daniels,22
2426,2014,Luigi Datome,26
2427,2014,Brandon Davies,22
2428,2014,Dewayne Dedmon,24
2429,2014,Matthew Dellavedova,23
2430,2014,Gorgui Dieng,24
2431,2014,Shane Edwards,26
2432,2014,Vitor Faverani,25
2433,2014,Carrick Felix,23
2434,2014,Jamaal Franklin,22
2435,2014,Rudy Gobert,21
2436,2014,Archie Goodwin,19
2437,2014,Jorge Gutierrez,25
2438,2014,Justin Hamilton,23
2439,2014,Tim Hardaway Jr,21
2440,2014,Elias Harris,24
2441,2014,Solomon Hill,22
2442,2014,Scotty Hopson,24
2443,2014,Robbie Hummel,24
2444,2014,Sergey Karasev,20
2445,2014,Ryan Kelly,22
2446,2014,Ognjen Kuzmic,23
2447,2014,Shane Larkin,21
2448,2014,Ricky Ledo,21
2449,2014,Alex Len,20
2450,2014,Ray McCallum,22
2451,2014,C.J. McCollum,22
2452,2014,Ben McLemore,20
2453,2014,Gal Mekel,25
2454,2014,Tony Mitchell,24
2455,2014,Tony Mitchell,21
2456,2014,Shabazz Muhammad,21
2457,2014,Erik Murphy,23
2458,2014,Toure' Murry,24
2459,2014,Mike Muscala,22
2460,2014,Nemanja Nedovic,22
2461,2014,James Nunnally,23
2462,2014,Victor Oladipo,21
2463,2014,Kelly Olynyk,22
2464,2014,Arinze Onuaku,26
2465,2014,Mason Plumlee,23
2466,2014,Otto Porter,20
2467,2014,Phil Pressey,22
2468,2014,Miroslav Raduljica,26
2469,2014,Glen Rice Jr,23
2470,2014,Andre Roberson,22
2471,2014,Dennis Schroder,20
2472,2014,Peyton Siva,23
2473,2014,Chris Smith,26
2474,2014,Tony Snell,22
2475,2014,James Southerland,23
2476,2014,D.J. Stephens,23
2477,2014,Adonis Thomas,20
2478,2014,Hollis Thompson,22
2479,2014,Casper Ware,24
2480,2014,Royce White,22
2481,2014,Jeff Withey,23
2482,2014,Nate Wolters,22
2483,2014,Cody Zeller,21
2484,2015,Jordan Adams,20
2485,2015,Furkan Aldemir,23
2486,2015,Kyle Anderson,21
2487,2015,Cameron Bairstow,24
2488,2015,Jerrelle Benimon,23
2489,2015,Sim Bhullar,22
2490,2015,Tarik Black,23
2491,2015,Bojan Bogdanovic,25
2492,2015,Jabari Brown,22
2493,2015,Markel Brown,23
2494,2015,Bruno Caboclo,19
2495,2015,Clint Capela,20
2496,2015,Will Cherry,23
2497,2015,Patrick Christopher,26
2498,2015,Jordan Clarkson,22
2499,2015,Jack Cooley,23
2500,2015,Bryce Cotton,22
2501,2015,Andre Dawkins,23
2502,2015,Spencer Dinwiddie,21
2503,2015,Zoran Dragic,25
2504,2015,Larry Drew,24
2505,2015,Cleanthony Early,23
2506,2015,James Ennis,24
2507,2015,Tyler Ennis,20
2508,2015,Dante Exum,19
2509,2015,Tim Frazier,24
2510,2015,Langston Galloway,23
2511,2015,Aaron Gordon,19
2512,2015,Drew Gordon,24
2513,2015,Jerami Grant,20
2514,2015,Erick Green,23
2515,2015,JaMychal Green,24
2516,2015,P.J. Hairston,22
2517,2015,Gary Harris,20
2518,2015,Joe Harris,23
2519,2015,Rodney Hood,22
2520,2015,Joe Ingles,27
2521,2015,Cory Jefferson,24
2522,2015,Grant Jerrett,21
2523,2015,Nick Johnson,22
2524,2015,Tyler Johnson,22
2525,2015,Sean Kilpatrick,25
2526,2015,Alex Kirk,23
2527,2015,Joffrey Lauvergne,23
2528,2015,Zach LaVine,19
2529,2015,Kalin Lucas,25
2530,2015,Devyn Marble,22
2531,2015,James Michael McAdoo,22
2532,2015,K.J. McDaniels,21
2533,2015,Doug McDermott,23
2534,2015,Mitch McGary,22
2535,2015,Jerel McNeal,27
2536,2015,Elijah Millsap,27
2537,2015,Nikola Mirotic,23
2538,2015,Eric Moreland,23
2539,2015,Shabazz Napier,23
2540,2015,Nerlens Noel,20
2541,2015,Lucas Nogueira,22
2542,2015,Jusuf Nurkic,20
2543,2015,Johnny O'Bryant,21
2544,2015,Kostas Papanikolaou,24
2545,2015,Jabari Parker,19
2546,2015,Adreian Payne,23
2547,2015,Elfrid Payton,20
2548,2015,Dwight Powell,23
2549,2015,Julius Randle,20
2550,2015,Glenn Robinson Jr,21
2551,2015,Damjan Rudez,28
2552,2015,JaKarr Sampson,21
2553,2015,Marcus Smart,20
2554,2015,Russ Smith,23
2555,2015,Nik Stauskas,21
2556,2015,David Stockton,23
2557,2015,Jarnell Stokes,21
2558,2015,Noah Vonleh,19
2559,2015,T.J. Warren,21
2560,2015,David Wear,24
2561,2015,Travis Wear,24
2562,2015,Shayne Whittington,23
2563,2015,Andrew Wiggins,19
2564,2015,C.J. Wilcox,24
2565,2015,James Young,19
